Key,English Value,Category,Priority,Notes
"hero.title","Honor Their Memory","hero","HIGH",""
"hero.subtitle","Create beautiful memorial websites where families and friends celebrate lives and share memories together","hero","HIGH",""
"hero.buttons.create","Create a Memorial Page","hero","HIGH",""
"hero.buttons.view","View Sample Memorial","hero","HIGH",""
"navbar.logo","ForeverPages","navbar","HIGH",""
"navbar.navigation.features","Features","navbar","HIGH",""
"navbar.navigation.home","Home","navbar","HIGH",""
"navbar.navigation.memorials","Memorial Pages","navbar","HIGH",""
"navbar.navigation.howItWorks","How It Works","navbar","HIGH",""
"navbar.navigation.support","Contact","navbar","HIGH",""
"navbar.buttons.signIn","Sign In","navbar","HIGH",""
"navbar.buttons.signOut","Log Out","navbar","HIGH",""
"navbar.buttons.dashboard","Dashboard","navbar","HIGH",""
"contact.title","Get In Touch","contact","MEDIUM",""
"contact.subtitle","Have questions or need support? We're here to help you create a beautiful memorial.","contact","MEDIUM",""
"contact.info.email.title","Email Us","contact","MEDIUM",""
"contact.info.email.description","Send us an email anytime","contact","MEDIUM",""
"contact.info.phone.title","Call Us","contact","MEDIUM",""
"contact.info.phone.description","Mon-Fri from 10am to 6pm (WAT)","contact","MEDIUM",""
"contact.info.address.title","Office Address","contact","MEDIUM",""
"contact.info.hours.title","Business Hours","contact","MEDIUM",""
"contact.info.hours.weekdays","Monday - Friday","contact","MEDIUM",""
"contact.info.hours.saturday","Saturday","contact","MEDIUM",""
"contact.info.hours.sunday","Sunday","contact","MEDIUM",""
"contact.info.hours.closed","Closed","contact","MEDIUM",""
"contact.form.name","Full Name","contact","MEDIUM",""
"contact.form.namePlaceholder","Enter your full name","contact","MEDIUM",""
"contact.form.email","Email Address","contact","MEDIUM",""
"contact.form.emailPlaceholder","Enter your email address","contact","MEDIUM",""
"contact.form.subject","Subject","contact","MEDIUM",""
"contact.form.subjectPlaceholder","What is this regarding?","contact","MEDIUM",""
"contact.form.message","Message","contact","MEDIUM",""
"contact.form.messagePlaceholder","Tell us how we can help you...","contact","MEDIUM",""
"contact.form.send","Send Message","contact","MEDIUM",""
"contact.form.sending","Sending...","contact","MEDIUM",""
"features.title","Compassionate Features","features","MEDIUM",""
"features.subtitle","Everything you need to create a beautiful, lasting tribute that brings people together","features","MEDIUM",""
"features.items.memoryGallery.title","Memory Gallery","features","MEDIUM",""
"features.items.memoryGallery.description","Share unlimited photos, videos, and cherished memories in a beautifully organized collection that tells the complete story of your loved one's life journey and special moments captured over time.","features","MEDIUM",""
"features.items.tributeWall.title","Tribute Wall","features","MEDIUM",""
"features.items.tributeWall.description","Friends and family can leave heartfelt messages, share personal stories, and offer condolences in a dedicated space that becomes a digital gathering place for everyone who cared about your loved one.","features","MEDIUM",""
"features.items.privacyControls.title","Privacy Controls","features","MEDIUM",""
"features.items.privacyControls.description","Maintain complete control over who can view and contribute to the memorial with our comprehensive privacy settings that ensure your family's comfort and security during this difficult time.","features","MEDIUM",""
"features.items.foreverPreserved.title","Forever Preserved","features","MEDIUM",""
"features.items.foreverPreserved.description","Your memorial pages are permanently preserved in our secure cloud storage, ensuring they remain accessible for future generations to visit, remember, and cherish forever without any time limitations.","features","MEDIUM",""
"funeralPages.title","Community Memorials","funeralPages","MEDIUM",""
"funeralPages.subtitle","See how others are honoring their loved ones with beautiful, personalized memorial pages","funeralPages","MEDIUM",""
"funeralPages.viewMore","View More Memorials","funeralPages","MEDIUM",""
"funeralPages.featured","Featured","funeralPages","MEDIUM",""
"funeralPages.tributes","tributes","funeralPages","MEDIUM",""
"funeralPages.visits","visits","funeralPages","MEDIUM",""
"funeralPages.by","By","funeralPages","MEDIUM",""
"funeralPages.memorialImage","Memorial Image","funeralPages","MEDIUM",""
"allFuneralPage.title","Community Memorials","allFuneralPage","MEDIUM",""
"allFuneralPage.subtitle","See how others are honoring their loved ones with beautiful, personalized memorial pages","allFuneralPage","MEDIUM",""
"allFuneralPage.by","By","allFuneralPage","MEDIUM",""
"allFuneralPage.view","View","allFuneralPage","MEDIUM",""
"allFuneralPage.noMemorials","No memorial pages found.","allFuneralPage","MEDIUM",""
"allFuneralPage.previous","Previous","allFuneralPage","MEDIUM",""
"allFuneralPage.next","Next","allFuneralPage","MEDIUM",""
"allFuneralPage.searchPlaceholder","Search by name or family...","allFuneralPage","MEDIUM",""
"allFuneralPage.search","Search","allFuneralPage","MEDIUM",""
"howItWorks.title","How It Works","howItWorks","MEDIUM",""
"howItWorks.subtitle","Creating a beautiful memorial is simple and takes just a few minutes","howItWorks","MEDIUM",""
"howItWorks.steps.create.number","01","howItWorks","MEDIUM",""
"howItWorks.steps.create.title","Create Your Memorial","howItWorks","MEDIUM",""
"howItWorks.steps.create.description","Start by choosing a beautiful template and adding basic information about your loved one. Our intuitive interface makes it easy to get started in just minutes.","howItWorks","MEDIUM",""
"howItWorks.steps.create.icon","✍️","howItWorks","MEDIUM",""
"howItWorks.steps.addContent.number","02","howItWorks","MEDIUM",""
"howItWorks.steps.addContent.title","Add Photos & Stories","howItWorks","MEDIUM",""
"howItWorks.steps.addContent.description","Upload cherished photos, write meaningful stories, and organize memories in a way that truly honors their life and legacy.","howItWorks","MEDIUM",""
"howItWorks.steps.addContent.icon","📸","howItWorks","MEDIUM",""
"howItWorks.steps.share.number","03","howItWorks","MEDIUM",""
"howItWorks.steps.share.title","Share with Family","howItWorks","MEDIUM",""
"howItWorks.steps.share.description","Invite family and friends to contribute their own memories, photos, and tributes to create a comprehensive memorial together.","howItWorks","MEDIUM",""
"howItWorks.steps.share.icon","👥","howItWorks","MEDIUM",""
"howItWorks.steps.preserve.number","04","howItWorks","MEDIUM",""
"howItWorks.steps.preserve.title","Preserve Forever","howItWorks","MEDIUM",""
"howItWorks.steps.preserve.description","Your memorial is safely stored and will remain accessible for future generations to visit, remember, and cherish forever.","howItWorks","MEDIUM",""
"howItWorks.steps.preserve.icon","💝","howItWorks","MEDIUM",""
"howItWorks.buttons.watchDemo","Watch Demo Video","howItWorks","MEDIUM",""
"howItWorks.modal.title","How It Works - Demo","howItWorks","MEDIUM",""
"howItWorks.modal.description","Watch this quick demo to see how easy it is to create a beautiful memorial page","howItWorks","MEDIUM",""
"howItWorks.modal.placeholder","Replace this with your video player component","howItWorks","MEDIUM",""
"testimonials.title","What Families Are Saying","testimonials","MEDIUM",""
"testimonials.subtitle","Real stories from families who have found comfort and healing through our platform","testimonials","MEDIUM",""
"testimonials.testimonials.sarah.name","Sarah Johnson","testimonials","MEDIUM",""
"testimonials.testimonials.sarah.role","Daughter","testimonials","MEDIUM",""
"testimonials.testimonials.sarah.content","Creating a memorial for my father was one of the most healing experiences. The platform made it so easy to gather photos and stories from our entire family. It's become a place we all visit regularly.","testimonials","MEDIUM",""
"testimonials.testimonials.michael.name","Michael Chen","testimonials","MEDIUM",""
"testimonials.testimonials.michael.role","Son","testimonials","MEDIUM",""
"testimonials.testimonials.michael.content","The privacy controls gave us peace of mind, and the beautiful templates helped us create something truly special. Friends and family from around the world could contribute their memories.","testimonials","MEDIUM",""
"testimonials.testimonials.emily.name","Emily Rodriguez","testimonials","MEDIUM",""
"testimonials.testimonials.emily.role","Granddaughter","testimonials","MEDIUM",""
"testimonials.testimonials.emily.content","I was able to preserve my grandmother's stories and recipes in a way that will last forever. The support team was incredibly helpful throughout the process.","testimonials","MEDIUM",""
"testimonials.testimonials.emanuel.name","Emanuel Okeke","testimonials","MEDIUM",""
"testimonials.testimonials.emanuel.role","Grandson","testimonials","MEDIUM",""
"testimonials.testimonials.emanuel.content","I was able to preserve my grandmother's stories and recipes in a way that will last forever. The support team was incredibly helpful throughout the process.","testimonials","MEDIUM",""
"testimonials.testimonials.boma.name","Boma George","testimonials","MEDIUM",""
"testimonials.testimonials.boma.role","Granddaughter","testimonials","MEDIUM",""
"testimonials.testimonials.boma.content","I was able to preserve my grandmother's stories and recipes in a way that will last forever. The support team was incredibly helpful throughout the process.","testimonials","MEDIUM",""
"testimonials.testimonials.tosin.name","Tosin Ola","testimonials","MEDIUM",""
"testimonials.testimonials.tosin.role","Grandson","testimonials","MEDIUM",""
"testimonials.testimonials.tosin.content","I was able to preserve my grandmother's stories and recipes in a way that will last forever. The support team was incredibly helpful throughout the process.","testimonials","MEDIUM",""
"testimonials.testimonials.aish.name","Aish Usman","testimonials","MEDIUM",""
"testimonials.testimonials.aish.role","Granddaughter","testimonials","MEDIUM",""
"testimonials.testimonials.aish.content","I was able to preserve my grandmother's stories and recipes in a way that will last forever. The support team was incredibly helpful throughout the process.","testimonials","MEDIUM",""
"testimonials.joinFamilies.title","Join Families","testimonials","MEDIUM",""
"testimonials.joinFamilies.description","Over 50,000 families have trusted us to help preserve their loved ones' memories. Start creating your memorial today and join our compassionate community.","testimonials","MEDIUM",""
"pricing.getStarted","Get Started","pricing","MEDIUM",""
"pricing.daysOfForever","days of forever","pricing","MEDIUM",""
"pricing.modal.plan","Plan","pricing","MEDIUM",""
"pricing.modal.featuresIncluded","Features Included:","pricing","MEDIUM",""
"pricing.modal.termsAndConditions","Terms & Conditions","pricing","MEDIUM",""
"pricing.modal.proceedToPayment","Proceed to Payment","pricing","MEDIUM",""
"pricing.modal.agreeTermsMessage","Please agree to the terms and conditions to proceed with payment","pricing","MEDIUM",""
"pricing.renewal.oneTimePayment","One-time Payment","pricing","MEDIUM",""
"pricing.renewal.whatYouGet","What You Get","pricing","MEDIUM",""
"pricing.renewal.upgradeToLifetime","Upgrade to Lifetime Access","pricing","MEDIUM",""
"pricing.renewal.loading","Loading...","pricing","MEDIUM",""
"pricing.payment.initializing","Initializing...","pricing","MEDIUM",""
"pricing.payment.securePayment","🔒 Secure payment powered by Paystack","pricing","MEDIUM",""
"pricing.title","Choose Your Plan","pricing","MEDIUM",""
"pricing.subtitle","Select the perfect plan to create a beautiful memorial website","pricing","MEDIUM",""
"pricing.plans.basic.name","Basic","pricing","MEDIUM",""
"pricing.plans.basic.price","120,000","pricing","MEDIUM",""
"pricing.plans.basic.period","/60days","pricing","MEDIUM",""
"pricing.plans.basic.description","Perfect for getting started","pricing","MEDIUM",""
"pricing.plans.basic.features.photos","Up to 50 photos","pricing","MEDIUM",""
"pricing.plans.basic.features.template","Basic template","pricing","MEDIUM",""
"pricing.plans.basic.features.tributeWall","Tribute wall","pricing","MEDIUM",""
"pricing.plans.basic.features.mobile","Mobile responsive","pricing","MEDIUM",""
"pricing.plans.basic.features.privacy","Basic privacy controls","pricing","MEDIUM",""
"pricing.plans.basic.button","Get Started Free","pricing","MEDIUM",""
"pricing.plans.premium.name","Premium","pricing","MEDIUM",""
"pricing.plans.premium.price","250,000","pricing","MEDIUM",""
"pricing.plans.premium.period","/90days","pricing","MEDIUM",""
"pricing.plans.premium.description","Most popular choice","pricing","MEDIUM",""
"pricing.plans.premium.features.photos","Unlimited photos & videos","pricing","MEDIUM",""
"pricing.plans.premium.features.template","Premium templates","pricing","MEDIUM",""
"pricing.plans.premium.features.customization","Advanced customization","pricing","MEDIUM",""
"pricing.plans.premium.features.support","Priority support","pricing","MEDIUM",""
"pricing.plans.premium.features.backup","Download & backup","pricing","MEDIUM",""
"pricing.plans.premium.features.analytics","Analytics dashboard","pricing","MEDIUM",""
"pricing.plans.premium.features.domain","Custom domain","pricing","MEDIUM",""
"pricing.plans.premium.button","Choose Premium","pricing","MEDIUM",""
"pricing.plans.premium.badge","Most Popular","pricing","MEDIUM",""
"pricing.plans.family.name","Family","pricing","MEDIUM",""
"pricing.plans.family.price","350,000","pricing","MEDIUM",""
"pricing.plans.family.period","/365days","pricing","MEDIUM",""
"pricing.plans.family.description","For extended families","pricing","MEDIUM",""
"pricing.plans.family.features.photos","Everything in Premium","pricing","MEDIUM",""
"pricing.plans.family.features.template","Multiple memorials","pricing","MEDIUM",""
"pricing.plans.family.features.tributeWall","Family tree integration","pricing","MEDIUM",""
"pricing.plans.family.features.mobile","Advanced privacy controls","pricing","MEDIUM",""
"pricing.plans.family.features.privacy","Dedicated support","pricing","MEDIUM",""
"pricing.plans.family.features.support","Custom branding","pricing","MEDIUM",""
"pricing.plans.family.features.branding","API access","pricing","MEDIUM",""
"pricing.plans.family.button","Choose Family","pricing","MEDIUM",""
"pricing.allPlansInclude.title","All Plans Include","pricing","MEDIUM",""
"pricing.allPlansInclude.description","Free setup assistance, 24/7 customer support, and the peace of mind that your memorial will be preserved forever.","pricing","MEDIUM",""
"cta.title","Start Creating a Memorial Today","cta","MEDIUM",""
"cta.subtitle","Join thousands of families who have found comfort in preserving and sharing the memories of their loved ones.","cta","MEDIUM",""
"cta.buttons.getStarted","Get Started Free","cta","MEDIUM",""
"cta.buttons.viewSample","View Sample Memorial","cta","MEDIUM",""
"cta.reassurance","No credit card required • Easy setup • Free forever plan available","cta","MEDIUM",""
"footer.links.privacy","Privacy Policy","footer","HIGH",""
"footer.links.terms","Terms of Service","footer","HIGH",""
"footer.links.support","Support","footer","HIGH",""
"footer.links.contact","Contact","footer","HIGH",""
"footer.copyright","ForeverPages. Created with love to honor every life.","footer","HIGH",""
"common.loading","Loading...","common","HIGH",""
"common.error","An error occurred","common","HIGH",""
"common.retry","Retry","common","HIGH",""
"common.close","Close","common","HIGH",""
"common.save","Save","common","HIGH",""
"common.cancel","Cancel","common","HIGH",""
"faq.title","Frequently Asked Questions","faq","MEDIUM",""
"faq.subtitle","Find answers to common questions about creating and managing memorial pages","faq","MEDIUM",""
"faq.items.memorialDuration.question","How long will the memorial page remain active?","faq","MEDIUM",""
"faq.items.memorialDuration.answer","Your memorial page will remain active forever. We are committed to preserving these digital legacies indefinitely, ensuring that future generations can always remember and celebrate the lives of their loved ones.","faq","MEDIUM",""
"faq.items.contentTypes.question","What type of content can I add to a memorial page?","faq","MEDIUM",""
"faq.items.contentTypes.answer","You can add photos, videos, written memories, audio recordings, and important life milestones. Our platform supports various media formats to help you create a comprehensive and meaningful tribute.","faq","MEDIUM",""
"faq.items.privacyControl.question","Can I control who can view the memorial page?","faq","MEDIUM",""
"faq.items.privacyControl.answer","Yes, you have full control over the privacy settings. You can make the page public, private with password protection, or share it only with specific people via invitation links.","faq","MEDIUM",""
"faq.items.multipleContributors.question","Can multiple people contribute to the same memorial page?","faq","MEDIUM",""
"faq.items.multipleContributors.answer","Absolutely. You can invite family members and friends to contribute their own memories, photos, and stories. This creates a collaborative space where everyone can share their unique perspective and memories.","faq","MEDIUM",""
"faq.items.changesAfterCreation.question","Can I make changes to the memorial page after it's created?","faq","MEDIUM",""
"faq.items.changesAfterCreation.answer","Yes, you can update and edit the memorial page at any time. Add new content, modify existing information, or update privacy settings whenever needed.","faq","MEDIUM",""
"faq.items.cost.question","Is there a cost associated with creating a memorial page?","faq","MEDIUM",""
"faq.items.cost.answer","We offer both free and premium options. The free version includes essential features, while premium options provide additional storage, advanced customization, and enhanced privacy controls. Our goal is to make digital memorials accessible to everyone.","faq","MEDIUM",""
"faq.help.title","Still have questions?","faq","MEDIUM",""
"faq.help.description","Our support team is here to help you create a beautiful and lasting tribute","faq","MEDIUM",""
"faq.help.button","Contact Support","faq","MEDIUM",""
"dashboard.sidebar.brand","ForeverPages","dashboard","MEDIUM",""
"dashboard.sidebar.nav.gallery","Gallery","dashboard","MEDIUM",""
"dashboard.analytics.metrics.totalTemplates","Total Templates","dashboard","MEDIUM",""
"dashboard.analytics.metrics.totalDownloads","Total Downloads","dashboard","MEDIUM",""
"dashboard.analytics.metrics.totalRevenue","Total Revenue","dashboard","MEDIUM",""
"dashboard.analytics.metrics.averageRating","Average Rating","dashboard","MEDIUM",""
"dashboard.analytics.metrics.totalViews","Total Views","dashboard","MEDIUM",""
"dashboard.analytics.metrics.uniqueVisitors","Unique Visitors","dashboard","MEDIUM",""
"dashboard.analytics.metrics.averageTime","Avg. Time on Page","dashboard","MEDIUM",""
"dashboard.analytics.metrics.conversionRate","Conversion Rate","dashboard","MEDIUM",""
"dashboard.analytics.metrics.popularTemplates","Popular Templates","dashboard","MEDIUM",""
"dashboard.analytics.metrics.usageTrends","Usage Trends","dashboard","MEDIUM",""
"dashboard.analytics.charts.viewsOverTime","Views Over Time","dashboard","MEDIUM",""
"dashboard.analytics.charts.templateUsage","Template Usage Distribution","dashboard","MEDIUM",""
"dashboard.analytics.charts.visitorDemographics","Visitor Demographics","dashboard","MEDIUM",""
"dashboard.analytics.charts.performanceMetrics","Performance Metrics","dashboard","MEDIUM",""
"dashboard.analytics.periods.7days","Last 7 Days","dashboard","MEDIUM",""
"dashboard.analytics.periods.30days","Last 30 Days","dashboard","MEDIUM",""
"dashboard.analytics.periods.90days","Last 90 Days","dashboard","MEDIUM",""
"dashboard.analytics.periods.1year","Last Year","dashboard","MEDIUM",""
"dashboard.analytics.loading","Loading analytics...","dashboard","MEDIUM",""
"dashboard.analytics.noData","No analytics data available yet","dashboard","MEDIUM",""
"dashboard.templates.list.title","Your Templates ({count})","dashboard","MEDIUM",""
"dashboard.templates.list.subtitle","Templates you've created and customized","dashboard","MEDIUM",""
"dashboard.templates.deleteDialog.deleting","Deleting...","dashboard","MEDIUM",""
"dashboard.templates.deleteDialog.confirm","Delete Template","dashboard","MEDIUM",""
"dashboard.templates.actions.preview","Preview","dashboard","MEDIUM",""
"dashboard.templates.actions.edit","Edit","dashboard","MEDIUM",""
"dashboard.templates.actions.duplicate","Duplicate","dashboard","MEDIUM",""
"dashboard.templates.actions.delete","Delete","dashboard","MEDIUM",""
"dashboard.templates.createButton","Create Template","dashboard","MEDIUM",""
"dashboard.templates.createButtonShort","Create","dashboard","MEDIUM",""
"dashboard.templates.form.name.label","Template Name","dashboard","MEDIUM",""
"dashboard.templates.form.name.placeholder","Enter template name","dashboard","MEDIUM",""
"dashboard.templates.form.description.label","Description","dashboard","MEDIUM",""
"dashboard.templates.form.description.placeholder","Optional description","dashboard","MEDIUM",""
"dashboard.templates.form.baseTemplate.label","Base Template","dashboard","MEDIUM",""
"dashboard.templates.form.creating","Creating...","dashboard","MEDIUM",""
"dashboard.templates.error.title","Failed to Load Templates","dashboard","MEDIUM",""
"dashboard.templates.failedToLoadBaseTemplates","Failed to load base templates","dashboard","MEDIUM",""
"dashboard.templates.empty.title","No Templates Yet","dashboard","MEDIUM",""
"dashboard.templates.empty.description","Create your first custom template to get started","dashboard","MEDIUM",""
"dashboard.templates.empty.createButton","Create First Template","dashboard","MEDIUM",""
"dashboard.templates.createSuccess","Template created successfully","dashboard","MEDIUM",""
"dashboard.templates.createError","Failed to create template","dashboard","MEDIUM",""
"dashboard.templates.deleteSuccess","Template deleted successfully","dashboard","MEDIUM",""
"dashboard.templates.deleteError","Failed to delete template","dashboard","MEDIUM",""
"dashboard.templates.validation.nameRequired","Template name is required","dashboard","MEDIUM",""
"dashboard.templates.validation.nameTooShort","Template name must be at least 3 characters","dashboard","MEDIUM",""
"dashboard.templates.validation.nameTooLong","Template name cannot exceed 100 characters","dashboard","MEDIUM",""
"dashboard.templates.validation.nameInvalidChars","Template name contains invalid characters","dashboard","MEDIUM",""
"dashboard.templates.validation.descriptionTooLong","Description cannot exceed 500 characters","dashboard","MEDIUM",""
"dashboard.templates.validation.descriptionInvalidChars","Description contains invalid characters","dashboard","MEDIUM",""
"dashboard.templates.validation.searchQueryRequired","Search query is required","dashboard","MEDIUM",""
"dashboard.templates.validation.searchQueryTooShort","Search query must be at least 2 characters","dashboard","MEDIUM",""
"dashboard.templates.validation.searchQueryInvalidChars","Search query contains invalid characters","dashboard","MEDIUM",""
"dashboard.templates.validation.colorInvalid","Invalid color format","dashboard","MEDIUM",""
"dashboard.templates.validation.fontSizeInvalid","Font size must be between 8px and 72px","dashboard","MEDIUM",""
"dashboard.templates.validation.spacingInvalid","Spacing must be between 0px and 100px","dashboard","MEDIUM",""
"dashboard.templates.validation.borderRadiusInvalid","Border radius must be between 0px and 50px","dashboard","MEDIUM",""
"dashboard.templates.validation.maxWidthInvalid","Maximum width must be between 200px and 2000px","dashboard","MEDIUM",""
"dashboard.templates.validation.lineHeightInvalid","Line height must be between 0.8 and 3.0","dashboard","MEDIUM",""
"dashboard.templates.validation.customizationInvalid","Template customization contains invalid values","dashboard","MEDIUM",""
"dashboard.templates.validation.importInvalidFormat","Invalid import file format","dashboard","MEDIUM",""
"dashboard.templates.validation.importInvalidData","Import data contains invalid template configuration","dashboard","MEDIUM",""
"dashboard.templates.validation.importFileTooLarge","Import file is too large (maximum 5MB)","dashboard","MEDIUM",""
"dashboard.invitations.manage.table.rsvp","RSVP","dashboard","MEDIUM",""
"dashboard.invitations.manage.delivery.whatsapp","WhatsApp","dashboard","MEDIUM",""
"dashboard.invitations.guestList.guestDetailsDialog.plusOnesCount","{{count}} {{plural}}","dashboard","MEDIUM",""
"dashboard.invitations.analytics.deliveryChannels.whatsapp","WhatsApp","dashboard","MEDIUM",""
"dashboard.invitations.analyticsCharts.delivery.email","Email","dashboard","MEDIUM",""
"dashboard.invitations.analyticsCharts.delivery.whatsapp","WhatsApp","dashboard","MEDIUM",""
"dashboard.invitations.rsvpPage.form.plusOnesPlaceholder","0","dashboard","MEDIUM",""
"dashboard.invitations.rsvpPage.memorial.dates","{{birthDate}} - {{deathDate}}","dashboard","MEDIUM",""
"dashboard.settings.title","Settings","dashboard","MEDIUM",""
"dashboard.settings.subtitle","Manage your account and memorial page preferences","dashboard","MEDIUM",""
"dashboard.settings.tabs.profile","Profile","dashboard","MEDIUM",""
"dashboard.settings.tabs.memorial","Memorial","dashboard","MEDIUM",""
"dashboard.settings.tabs.privacy","Privacy","dashboard","MEDIUM",""
"dashboard.settings.tabs.notifications","Notifications","dashboard","MEDIUM",""
"dashboard.settings.tabs.advanced","Advanced","dashboard","MEDIUM",""
"dashboard.settings.profile.title","Profile Information","dashboard","MEDIUM",""
"dashboard.settings.profile.description","Update your personal information and account details","dashboard","MEDIUM",""
"dashboard.settings.profile.firstName","First Name","dashboard","MEDIUM",""
"dashboard.settings.profile.lastName","Last Name","dashboard","MEDIUM",""
"dashboard.settings.profile.email","Email Address","dashboard","MEDIUM",""
"dashboard.settings.profile.phone","Phone Number","dashboard","MEDIUM",""
"dashboard.settings.profile.relationship","Relationship to Deceased","dashboard","MEDIUM",""
"dashboard.settings.profile.save","Save Profile Changes","dashboard","MEDIUM",""
"dashboard.settings.memorial.title","Memorial Page Settings","dashboard","MEDIUM",""
"dashboard.settings.memorial.description","Configure your memorial page appearance and behavior","dashboard","MEDIUM",""
"dashboard.settings.memorial.pageTitle","Memorial Page Title","dashboard","MEDIUM",""
"dashboard.settings.memorial.customUrl","Custom URL (Optional)","dashboard","MEDIUM",""
"dashboard.settings.memorial.theme","Theme","dashboard","MEDIUM",""
"dashboard.settings.memorial.publicMemorial.label","Public Memorial","dashboard","MEDIUM",""
"dashboard.settings.memorial.publicMemorial.description","Allow anyone to view the memorial page","dashboard","MEDIUM",""
"dashboard.settings.memorial.allowTributes.label","Allow Tributes","dashboard","MEDIUM",""
"dashboard.settings.memorial.allowTributes.description","Let visitors leave tribute messages","dashboard","MEDIUM",""
"dashboard.settings.memorial.moderateTributes.label","Moderate Tributes","dashboard","MEDIUM",""
"dashboard.settings.memorial.moderateTributes.description","Review tributes before they appear publicly","dashboard","MEDIUM",""
"dashboard.settings.memorial.save","Save Memorial Settings","dashboard","MEDIUM",""
"dashboard.settings.privacy.title","Privacy & Security","dashboard","MEDIUM",""
"dashboard.settings.privacy.description","Control who can see and interact with your memorial","dashboard","MEDIUM",""
"dashboard.settings.privacy.visibility","Memorial Visibility","dashboard","MEDIUM",""
"dashboard.settings.privacy.indexing","Search Engine Indexing","dashboard","MEDIUM",""
"dashboard.settings.privacy.access.title","Access Management","dashboard","MEDIUM",""
"dashboard.settings.privacy.access.additionalAdmins","Additional Administrators","dashboard","MEDIUM",""
"dashboard.settings.privacy.access.sendAdminInvites","Send Admin Invitations","dashboard","MEDIUM",""
"dashboard.settings.privacy.save","Save Privacy Settings","dashboard","MEDIUM",""
"dashboard.settings.notifications.title","Notification Preferences","dashboard","MEDIUM",""
"dashboard.settings.notifications.description","Choose how and when you want to be notified","dashboard","MEDIUM",""
"dashboard.settings.notifications.email.label","Email Notifications","dashboard","MEDIUM",""
"dashboard.settings.notifications.email.description","Receive updates via email","dashboard","MEDIUM",""
"dashboard.settings.notifications.types.newTributes","New Tributes","dashboard","MEDIUM",""
"dashboard.settings.notifications.types.photoUploads","Photo Uploads","dashboard","MEDIUM",""
"dashboard.settings.notifications.types.rsvpUpdates","RSVP Updates","dashboard","MEDIUM",""
"dashboard.settings.notifications.types.weeklySummary","Weekly Summary","dashboard","MEDIUM",""
"dashboard.settings.notifications.save","Save Notification Settings","dashboard","MEDIUM",""
"dashboard.settings.advanced.title","Advanced Settings","dashboard","MEDIUM",""
"dashboard.settings.advanced.description","Advanced options and data management","dashboard","MEDIUM",""
"dashboard.settings.advanced.export.title","Data Export","dashboard","MEDIUM",""
"dashboard.settings.advanced.export.description","Download all your memorial data including photos, tributes, and information","dashboard","MEDIUM",""
"dashboard.settings.advanced.export.button","Export Memorial Data","dashboard","MEDIUM",""
"dashboard.settings.advanced.domain.title","Custom Domain","dashboard","MEDIUM",""
"dashboard.settings.advanced.domain.description","Connect your own domain name to this memorial (Premium feature)","dashboard","MEDIUM",""
"dashboard.settings.advanced.domain.connect","Connect Domain","dashboard","MEDIUM",""
"dashboard.settings.advanced.danger.title","Danger Zone","dashboard","MEDIUM",""
"dashboard.settings.advanced.danger.archive","Archive Memorial","dashboard","MEDIUM",""
"dashboard.settings.advanced.danger.archiveDescription","Make the memorial private and stop accepting new tributes","dashboard","MEDIUM",""
"dashboard.settings.advanced.danger.delete","Delete Memorial","dashboard","MEDIUM",""
"dashboard.settings.advanced.danger.deleteDescription","Permanently delete this memorial and all associated data. This cannot be undone.","dashboard","MEDIUM",""
"dashboard.settings.advanced.account.title","Account Actions","dashboard","MEDIUM",""
"dashboard.settings.advanced.account.signOut","Sign Out","dashboard","MEDIUM",""
"dashboard.tributes.title","Tributes & Condolences","dashboard","MEDIUM",""
"dashboard.tributes.subtitle","Manage and moderate tribute messages from visitors","dashboard","MEDIUM",""
"dashboard.tributes.tabs.pending","Pending Review","dashboard","MEDIUM",""
"dashboard.tributes.tabs.approved","Approved","dashboard","MEDIUM",""
"dashboard.tributes.tabs.flagged","Flagged","dashboard","MEDIUM",""
"dashboard.tributes.tabs.all","All Tributes","dashboard","MEDIUM",""
"dashboard.tributes.actions.approve","Approve","dashboard","MEDIUM",""
"dashboard.tributes.actions.reject","Reject","dashboard","MEDIUM",""
"dashboard.tributes.actions.flag","Flag","dashboard","MEDIUM",""
"dashboard.tributes.empty.noPending","No Pending Tributes","dashboard","MEDIUM",""
"dashboard.tributes.empty.allReviewed","All tributes have been reviewed","dashboard","MEDIUM",""
"dashboard.tributes.live","Live","dashboard","MEDIUM",""
"dashboard.marketplace.title","Template Marketplace","dashboard","MEDIUM",""
"dashboard.marketplace.subtitle","Discover premium templates to enhance your memorials","dashboard","MEDIUM",""
"dashboard.marketplace.search.placeholder","Search templates...","dashboard","MEDIUM",""
"dashboard.marketplace.search.noResults","No templates found matching your search","dashboard","MEDIUM",""
"dashboard.marketplace.filters.all","All Templates","dashboard","MEDIUM",""
"dashboard.marketplace.filters.free","Free","dashboard","MEDIUM",""
"dashboard.marketplace.filters.premium","Premium","dashboard","MEDIUM",""
"dashboard.marketplace.filters.categories.traditional","Traditional","dashboard","MEDIUM",""
"dashboard.marketplace.filters.categories.modern","Modern","dashboard","MEDIUM",""
"dashboard.marketplace.filters.categories.nature","Nature","dashboard","MEDIUM",""
"dashboard.marketplace.filters.categories.religious","Religious","dashboard","MEDIUM",""
"dashboard.marketplace.filters.categories.military","Military","dashboard","MEDIUM",""
"dashboard.marketplace.filters.categories.sports","Sports","dashboard","MEDIUM",""
"dashboard.marketplace.filters.categories.music","Music","dashboard","MEDIUM",""
"dashboard.marketplace.filters.categories.artistic","Artistic","dashboard","MEDIUM",""
"dashboard.marketplace.filters.sort.popular","Most Popular","dashboard","MEDIUM",""
"dashboard.marketplace.filters.sort.newest","Newest","dashboard","MEDIUM",""
"dashboard.marketplace.filters.sort.rating","Highest Rated","dashboard","MEDIUM",""
"dashboard.marketplace.filters.sort.priceLow","Price: Low to High","dashboard","MEDIUM",""
"dashboard.marketplace.filters.sort.priceHigh","Price: High to Low","dashboard","MEDIUM",""
"dashboard.marketplace.template.preview","Preview","dashboard","MEDIUM",""
"dashboard.marketplace.template.download","Download","dashboard","MEDIUM",""
"dashboard.marketplace.template.purchased","Purchased","dashboard","MEDIUM",""
"dashboard.marketplace.template.price","Price","dashboard","MEDIUM",""
"dashboard.marketplace.template.category","Category","dashboard","MEDIUM",""
"dashboard.marketplace.template.downloads","Downloads","dashboard","MEDIUM",""
"dashboard.marketplace.template.rating","Rating","dashboard","MEDIUM",""
"dashboard.marketplace.template.features","Features","dashboard","MEDIUM",""
"dashboard.marketplace.purchase.dialog.title","Purchase Template","dashboard","MEDIUM",""
"dashboard.marketplace.purchase.dialog.description","You're about to purchase ""{name}"" for {price}","dashboard","MEDIUM",""
"dashboard.marketplace.purchase.dialog.confirm","Confirm Purchase","dashboard","MEDIUM",""
"dashboard.marketplace.purchase.dialog.cancel","Cancel","dashboard","MEDIUM",""
"dashboard.marketplace.purchase.dialog.processing","Processing...","dashboard","MEDIUM",""
"dashboard.marketplace.purchase.success","Template purchased successfully!","dashboard","MEDIUM",""
"dashboard.marketplace.purchase.error","Failed to purchase template","dashboard","MEDIUM",""
"dashboard.marketplace.download.success","Template downloaded successfully!","dashboard","MEDIUM",""
"dashboard.marketplace.download.error","Failed to download template","dashboard","MEDIUM",""
"dashboard.marketplace.loading","Loading templates...","dashboard","MEDIUM",""
"dashboard.marketplace.error","Failed to load templates","dashboard","MEDIUM",""
"dashboard.customization.title","Advanced Customization","dashboard","MEDIUM",""
"dashboard.customization.subtitle","Fine-tune your template with advanced options","dashboard","MEDIUM",""
"dashboard.customization.sections.colors","Colors","dashboard","MEDIUM",""
"dashboard.customization.sections.typography","Typography","dashboard","MEDIUM",""
"dashboard.customization.sections.layout","Layout","dashboard","MEDIUM",""
"dashboard.customization.sections.code","Custom Code","dashboard","MEDIUM",""
"dashboard.customization.colors.primary","Primary Color","dashboard","MEDIUM",""
"dashboard.customization.colors.secondary","Secondary Color","dashboard","MEDIUM",""
"dashboard.customization.colors.accent","Accent Color","dashboard","MEDIUM",""
"dashboard.customization.colors.background","Background Color","dashboard","MEDIUM",""
"dashboard.customization.colors.text","Text Color","dashboard","MEDIUM",""
"dashboard.customization.colors.reset","Reset to Default","dashboard","MEDIUM",""
"dashboard.customization.typography.fontFamily","Font Family","dashboard","MEDIUM",""
"dashboard.customization.typography.fontSize","Font Size","dashboard","MEDIUM",""
"dashboard.customization.typography.lineHeight","Line Height","dashboard","MEDIUM",""
"dashboard.customization.typography.fontWeight","Font Weight","dashboard","MEDIUM",""
"dashboard.customization.typography.textAlign","Text Alignment","dashboard","MEDIUM",""
"dashboard.customization.layout.containerWidth","Container Width","dashboard","MEDIUM",""
"dashboard.customization.layout.spacing","Spacing","dashboard","MEDIUM",""
"dashboard.customization.layout.borderRadius","Border Radius","dashboard","MEDIUM",""
"dashboard.customization.layout.shadows","Shadows","dashboard","MEDIUM",""
"dashboard.customization.code.css","Custom CSS","dashboard","MEDIUM",""
"dashboard.customization.code.javascript","Custom JavaScript","dashboard","MEDIUM",""
"dashboard.customization.code.html","Custom HTML","dashboard","MEDIUM",""
"dashboard.customization.code.warning","Warning: Custom code can break your template. Use with caution.","dashboard","MEDIUM",""
"dashboard.customization.preview.title","Live Preview","dashboard","MEDIUM",""
"dashboard.customization.preview.mobile","Mobile","dashboard","MEDIUM",""
"dashboard.customization.preview.tablet","Tablet","dashboard","MEDIUM",""
"dashboard.customization.preview.desktop","Desktop","dashboard","MEDIUM",""
"dashboard.customization.preview.fullscreen","Fullscreen","dashboard","MEDIUM",""
"dashboard.customization.actions.save","Save Changes","dashboard","MEDIUM",""
"dashboard.customization.actions.reset","Reset All","dashboard","MEDIUM",""
"dashboard.customization.actions.export","Export Settings","dashboard","MEDIUM",""
"dashboard.customization.actions.import","Import Settings","dashboard","MEDIUM",""
"dashboard.customization.actions.saving","Saving...","dashboard","MEDIUM",""
"dashboard.customization.actions.resetting","Resetting...","dashboard","MEDIUM",""
"dashboard.customization.import.dialog.title","Import Customization Settings","dashboard","MEDIUM",""
"dashboard.customization.import.dialog.description","Paste your exported settings below","dashboard","MEDIUM",""
"dashboard.customization.import.dialog.placeholder","Paste JSON settings here...","dashboard","MEDIUM",""
"dashboard.customization.import.dialog.import","Import","dashboard","MEDIUM",""
"dashboard.customization.import.dialog.cancel","Cancel","dashboard","MEDIUM",""
"dashboard.customization.import.success","Settings imported successfully!","dashboard","MEDIUM",""
"dashboard.customization.import.error","Failed to import settings. Please check the format.","dashboard","MEDIUM",""
"dashboard.customization.export.success","Settings exported to clipboard!","dashboard","MEDIUM",""
"dashboard.customization.export.error","Failed to export settings","dashboard","MEDIUM",""
"dashboard.customization.save.success","Customization saved successfully!","dashboard","MEDIUM",""
"dashboard.customization.save.error","Failed to save customization","dashboard","MEDIUM",""
"dashboard.customization.reset.confirm.title","Reset All Customizations?","dashboard","MEDIUM",""
"dashboard.customization.reset.confirm.description","This will restore all settings to their default values. This action cannot be undone.","dashboard","MEDIUM",""
"dashboard.customization.reset.confirm.confirm","Reset All","dashboard","MEDIUM",""
"dashboard.customization.reset.confirm.cancel","Cancel","dashboard","MEDIUM",""
"dashboard.customization.reset.success","All customizations reset successfully!","dashboard","MEDIUM",""
"dashboard.customization.reset.error","Failed to reset customizations","dashboard","MEDIUM",""
"dashboard.customization.validation.invalidCss","Invalid CSS syntax","dashboard","MEDIUM",""
"dashboard.customization.validation.invalidJs","Invalid JavaScript syntax","dashboard","MEDIUM",""
"dashboard.customization.validation.invalidHtml","Invalid HTML syntax","dashboard","MEDIUM",""
"dashboard.tabs.myTemplates","My Templates","dashboard","MEDIUM",""
"dashboard.tabs.marketplace","Marketplace","dashboard","MEDIUM",""
"dashboard.tabs.analytics","Analytics","dashboard","MEDIUM",""
"dashboard.tabs.customization","Customization","dashboard","MEDIUM",""
"termsAndConditions.agree","I agree to the Terms and Conditions","termsAndConditions","MEDIUM",""
"termsAndConditions.title","Memorial Website Service Terms and Conditions","termsAndConditions","MEDIUM",""
"termsAndConditions.sections.serviceDescription.title","1. Service Description","termsAndConditions","MEDIUM",""
"termsAndConditions.sections.serviceDescription.content","Our memorial website service provides a platform to create and maintain online memorials for loved ones. This includes hosting, templates, and maintenance as specified in your chosen plan.","termsAndConditions","MEDIUM",""
"termsAndConditions.sections.paymentTerms.title","2. Payment Terms","termsAndConditions","MEDIUM",""
"termsAndConditions.sections.paymentTerms.content","All payments are one-time fees for the selected plan. Payment is required before service activation. Fees are non-refundable once the website has been created and published.","termsAndConditions","MEDIUM",""
"termsAndConditions.sections.contentGuidelines.title","3. Content Guidelines","termsAndConditions","MEDIUM",""
"termsAndConditions.sections.contentGuidelines.content","You agree to provide appropriate content that respects the memory of the deceased. We reserve the right to remove any content that violates our community guidelines or is deemed inappropriate.","termsAndConditions","MEDIUM",""
"termsAndConditions.sections.privacyAndData.title","4. Privacy and Data","termsAndConditions","MEDIUM",""
"termsAndConditions.sections.privacyAndData.content","We respect your privacy and will handle all personal information in accordance with our privacy policy. Memorial content may be publicly accessible unless privacy settings are applied.","termsAndConditions","MEDIUM",""
"termsAndConditions.sections.serviceAvailability.title","5. Service Availability","termsAndConditions","MEDIUM",""
"termsAndConditions.sections.serviceAvailability.content","We strive to maintain 99% uptime but cannot guarantee uninterrupted service. Scheduled maintenance may occur with prior notice.","termsAndConditions","MEDIUM",""
"termsAndConditions.sections.intellectualProperty.title","6. Intellectual Property","termsAndConditions","MEDIUM",""
"termsAndConditions.sections.intellectualProperty.content","You retain rights to the content you provide. We retain rights to the platform, templates, and technology. The memorial website design is licensed for your use.","termsAndConditions","MEDIUM",""
"termsAndConditions.sections.termination.title","7. Termination","termsAndConditions","MEDIUM",""
"termsAndConditions.sections.termination.content","You may request termination of service at any time. We reserve the right to terminate service for violation of terms. Memorial websites are maintained for the duration specified in your plan.","termsAndConditions","MEDIUM",""
"termsAndConditions.sections.limitationOfLiability.title","8. Limitation of Liability","termsAndConditions","MEDIUM",""
"termsAndConditions.sections.limitationOfLiability.content","Our liability is limited to the amount paid for the service. We are not liable for indirect damages or losses resulting from service use.","termsAndConditions","MEDIUM",""
"termsAndConditions.note","Note: By checking the agreement box, you acknowledge that you have read, understood, and agree to be bound by these Terms and Conditions.","termsAndConditions","MEDIUM",""
"register.welcome","Create Account","register","MEDIUM",""
"register.subtitle","Create a lasting memory","register","MEDIUM",""
"register.form.name","Full Name","register","MEDIUM",""
"register.form.email","Email Address","register","MEDIUM",""
"register.form.phone","Phone Number","register","MEDIUM",""
"register.form.password","Password","register","MEDIUM",""
"register.form.confirmPassword","Confirm Password","register","MEDIUM",""
"register.placeholders.name","Enter your full name","register","MEDIUM",""
"register.placeholders.email","Enter your email","register","MEDIUM",""
"register.placeholders.phone","WhatsApp number","register","MEDIUM",""
"register.placeholders.password","Enter your password","register","MEDIUM",""
"register.placeholders.confirmPassword","Confirm your password","register","MEDIUM",""
"register.buttons.createAccount","Create Account","register","MEDIUM",""
"register.buttons.creatingAccount","Creating Account...","register","MEDIUM",""
"register.buttons.loginHere","Login here","register","MEDIUM",""
"register.errors.nameRequired","Name is required","register","MEDIUM",""
"register.errors.emailRequired","Email is required","register","MEDIUM",""
"register.errors.invalidEmail","Please enter a valid email","register","MEDIUM",""
"register.errors.phoneRequired","Phone number is required","register","MEDIUM",""
"register.errors.passwordRequired","Password is required","register","MEDIUM",""
"register.errors.passwordLength","Password must be at least 8 characters","register","MEDIUM",""
"register.errors.passwordsDontMatch","Passwords do not match","register","MEDIUM",""
"register.errors.recaptchaRequired","Please complete the reCAPTCHA verification","register","MEDIUM",""
"register.errors.paymentRequired","Payment required. Please complete payment first.","register","MEDIUM",""
"register.errors.paymentVerificationFailed","Payment verification failed. Please complete payment first.","register","MEDIUM",""
"register.errors.paymentVerificationError","Failed to verify payment. Please try again.","register","MEDIUM",""
"register.errors.registrationFailed","Registration failed","register","MEDIUM",""
"register.errors.registrationError","An error occurred during registration","register","MEDIUM",""
"register.success.accountCreated","Account created successfully! Please verify your email.","register","MEDIUM",""
"register.alreadyHaveAccount","Already have an account?","register","MEDIUM",""
"register.terms.byRegistering","By registering, you agree to our","register","MEDIUM",""
"register.terms.termsOfService","Terms of Service","register","MEDIUM",""
"register.terms.and","and","register","MEDIUM",""
"register.terms.privacyPolicy","Privacy Policy","register","MEDIUM",""
"register.tagline","A place to honor and remember those we love","register","MEDIUM",""
"login.welcomeBack","Welcome Back","login","MEDIUM",""
"login.subtitle","Login to ForeverPages","login","MEDIUM",""
"login.form.email","Email Address","login","MEDIUM",""
"login.form.emailOrPhone","Email or Phone Number","login","MEDIUM",""
"login.form.password","Password","login","MEDIUM",""
"login.placeholders.email","Enter your email","login","MEDIUM",""
"login.placeholders.emailOrPhone","Enter your email or phone number","login","MEDIUM",""
"login.placeholders.password","Enter your password","login","MEDIUM",""
"login.buttons.login","Login","login","MEDIUM",""
"login.buttons.registerHere","Register here","login","MEDIUM",""
"login.errors.emailRequired","Email is required","login","MEDIUM",""
"login.errors.invalidEmail","Please enter a valid email","login","MEDIUM",""
"login.errors.passwordRequired","Password is required","login","MEDIUM",""
"login.rememberMe","Remember me","login","MEDIUM",""
"login.forgotPassword","Forgot password?","login","MEDIUM",""
"login.noAccount","Don't have an account?","login","MEDIUM",""
"login.tagline","A place to honor and remember those we love","login","MEDIUM",""
"forgotPassword.title","Forgot Password","forgotPassword","MEDIUM",""
"forgotPassword.subtitle","Enter your email to reset your password","forgotPassword","MEDIUM",""
"forgotPassword.form.email","Email Address","forgotPassword","MEDIUM",""
"forgotPassword.placeholders.email","Enter your email address","forgotPassword","MEDIUM",""
"forgotPassword.buttons.resetPassword","Reset Password","forgotPassword","MEDIUM",""
"forgotPassword.buttons.sending","Sending...","forgotPassword","MEDIUM",""
"forgotPassword.errors.emailRequired","Email is required","forgotPassword","MEDIUM",""
"forgotPassword.errors.invalidEmail","Please enter a valid email address","forgotPassword","MEDIUM",""
"forgotPassword.backToLogin","Back to Login","forgotPassword","MEDIUM",""
"forgotPassword.success.title","Check Your Email","forgotPassword","MEDIUM",""
"forgotPassword.success.subtitle","We've sent you a password reset link","forgotPassword","MEDIUM",""
"forgotPassword.success.checkEmail","Check Your Email","forgotPassword","MEDIUM",""
"forgotPassword.success.instructions","We've sent a password reset link to {{email}}. Please check your inbox and follow the instructions to reset your password.","forgotPassword","MEDIUM",""
"forgotPassword.success.tryAgain","Try Another Email","forgotPassword","MEDIUM",""
"forgotPassword.success.backToLogin","Back to Login","forgotPassword","MEDIUM",""
"forgotPassword.tagline","A place to honor and remember those we love","forgotPassword","MEDIUM",""
"resetPassword.title","Reset Password","resetPassword","MEDIUM",""
"resetPassword.subtitle","Create a new password for your account","resetPassword","MEDIUM",""
"resetPassword.form.newPassword","New Password","resetPassword","MEDIUM",""
"resetPassword.form.confirmPassword","Confirm Password","resetPassword","MEDIUM",""
"resetPassword.placeholders.newPassword","Enter your new password","resetPassword","MEDIUM",""
"resetPassword.placeholders.confirmPassword","Confirm your new password","resetPassword","MEDIUM",""
"resetPassword.buttons.resetPassword","Reset Password","resetPassword","MEDIUM",""
"resetPassword.buttons.resetting","Resetting...","resetPassword","MEDIUM",""
"resetPassword.errors.passwordRequired","Password is required","resetPassword","MEDIUM",""
"resetPassword.errors.passwordLength","Password must be at least 8 characters","resetPassword","MEDIUM",""
"resetPassword.errors.passwordsDontMatch","Passwords do not match","resetPassword","MEDIUM",""
"resetPassword.backToLogin","Back to Login","resetPassword","MEDIUM",""
"resetPassword.success.title","Password Reset","resetPassword","MEDIUM",""
"resetPassword.success.subtitle","Your password has been successfully reset","resetPassword","MEDIUM",""
"resetPassword.success.passwordReset","Password Reset Successful","resetPassword","MEDIUM",""
"resetPassword.success.loginAgain","You can now login with your new password","resetPassword","MEDIUM",""
"resetPassword.success.backToLogin","Back to Login","resetPassword","MEDIUM",""
"resetPassword.tagline","A place to honor and remember those we love","resetPassword","MEDIUM",""
"emailVerification.title","Verify Your Email","emailVerification","MEDIUM",""
"emailVerification.subtitle","Enter the 6-digit code sent to your email","emailVerification","MEDIUM",""
"emailVerification.enterCode","Enter Verification Code","emailVerification","MEDIUM",""
"emailVerification.instructions","Please enter the 6-digit verification code we sent to your email address.","emailVerification","MEDIUM",""
"emailVerification.spamWarning","If you don't see the email, check your spam folder.","emailVerification","MEDIUM",""
"emailVerification.didntReceive","Didn't receive the code?","emailVerification","MEDIUM",""
"emailVerification.resendIn","Resend in","emailVerification","MEDIUM",""
"emailVerification.verifying","Verifying your code...","emailVerification","MEDIUM",""
"emailVerification.buttons.resend","Resend Code","emailVerification","MEDIUM",""
"emailVerification.buttons.resendCode","Resend Verification Code","emailVerification","MEDIUM",""
"emailVerification.buttons.sending","Sending...","emailVerification","MEDIUM",""
"emailVerification.buttons.backToLogin","Back to Login","emailVerification","MEDIUM",""
"emailVerification.success.toast","Email verified successfully! Redirecting...","emailVerification","MEDIUM",""
"emailVerification.error.expired","Verification code has expired. Please request a new one.","emailVerification","MEDIUM",""
"emailVerification.error.invalid","Invalid code. Please check and try again.","emailVerification","MEDIUM",""
"emailVerification.tagline","A place to honor and remember those we love","emailVerification","MEDIUM",""
"confirmEmail.title","Confirming Your Email","confirmEmail","MEDIUM",""
"confirmEmail.subtitle","We're verifying your email address","confirmEmail","MEDIUM",""
"confirmEmail.verifying","Verifying your email address...","confirmEmail","MEDIUM",""
"confirmEmail.redirectNotice","You will be redirected to login automatically","confirmEmail","MEDIUM",""
"confirmEmail.success.toast","Email confirmed successfully!","confirmEmail","MEDIUM",""
"confirmEmail.success.redirecting","Redirecting to login...","confirmEmail","MEDIUM",""
"confirmEmail.error.toast","Email confirmation failed","confirmEmail","MEDIUM",""
"confirmEmail.error.expired","Confirmation link has expired","confirmEmail","MEDIUM",""
"confirmEmail.error.invalid","Invalid confirmation link","confirmEmail","MEDIUM",""
"confirmEmail.error.network","Network error. Please try again.","confirmEmail","MEDIUM",""
"offline.status.online","Online","offline","MEDIUM",""
"offline.status.offline","Offline","offline","MEDIUM",""
"offline.status.syncing","Syncing...","offline","MEDIUM",""
"offline.pendingActions","Pending actions: {count}","offline","MEDIUM",""
"offline.syncProgress.synchronizing","Synchronizing...","offline","MEDIUM",""
"offline.syncProgress.progress","Progress: {{current}}/{{total}}","offline","MEDIUM",""
"offline.syncProgress.title","Sync Progress","offline","MEDIUM",""
"offline.syncProgress.complete","Complete","offline","MEDIUM",""
"offline.banner.offlineMessage","You're currently offline.","offline","MEDIUM",""
"offline.banner.pendingActions","You have {count} pending action{{count !== 1 ? 's' : ''}} that will sync when you're back online.","offline","MEDIUM",""
"offline.lastSync","Last sync: {{synced}} synced, {{failed}} failed","offline","MEDIUM",""
"offline.loading.offline","Offline","offline","MEDIUM",""
"offline.loading.viewingCached","Viewing cached images","offline","MEDIUM",""
"offline.loading.actionsQueued","{count} action{{count !== 1 ? 's' : ''}} queued","offline","MEDIUM",""
"offline.loading.willSyncWhenOnline","will sync when online","offline","MEDIUM",""
"offline.loading.savedLocally","Will be saved locally and synced when online","offline","MEDIUM",""
"twoFactor.verification.title","Two-Factor Authentication","twoFactor","MEDIUM",""
"twoFactor.verification.subtitle.email","Enter the code sent to your email","twoFactor","MEDIUM",""
"twoFactor.verification.subtitle.authenticator","Enter the code from your authenticator app","twoFactor","MEDIUM",""
"twoFactor.verification.enterCode","Enter Verification Code","twoFactor","MEDIUM",""
"twoFactor.verification.instructions.email","Code sent to {{email}}","twoFactor","MEDIUM",""
"twoFactor.verification.instructions.authenticator","Open your authenticator app","twoFactor","MEDIUM",""
"twoFactor.verification.verifying","Verifying...","twoFactor","MEDIUM",""
"twoFactor.verification.resendCode","Resend code","twoFactor","MEDIUM",""
"twoFactor.verification.useBackupCode","Use backup code instead","twoFactor","MEDIUM",""
"twoFactor.verification.backupCode.title","Enter Backup Code","twoFactor","MEDIUM",""
"twoFactor.verification.backupCode.subtitle","Enter one of your saved backup codes","twoFactor","MEDIUM",""
"twoFactor.verification.backupCode.placeholder","XXXX-XXXX","twoFactor","MEDIUM",""
"twoFactor.verification.backupCode.verify","Verify Backup Code","twoFactor","MEDIUM",""
"twoFactor.verification.backupCode.useVerificationCode","Use verification code instead","twoFactor","MEDIUM",""
"twoFactor.verification.backToLogin","Back to login","twoFactor","MEDIUM",""
"twoFactor.verification.success","Verification successful!","twoFactor","MEDIUM",""
"twoFactor.verification.error.invalidCode","Invalid verification code","twoFactor","MEDIUM",""
"twoFactor.verification.error.failed","Failed to complete login","twoFactor","MEDIUM",""
"twoFactor.settings.title","Two-Factor Authentication","twoFactor","MEDIUM",""
"twoFactor.settings.description","Add an extra layer of security to your account","twoFactor","MEDIUM",""
"twoFactor.settings.status.enabled","2FA Enabled","twoFactor","MEDIUM",""
"twoFactor.settings.status.disabled","2FA Disabled","twoFactor","MEDIUM",""
"twoFactor.settings.status.method.email","Email","twoFactor","MEDIUM",""
"twoFactor.settings.status.method.authenticator","Authenticator App","twoFactor","MEDIUM",""
"twoFactor.settings.enable.title","Enable Two-Factor Authentication","twoFactor","MEDIUM",""
"twoFactor.settings.enable.selectMethod","Select Authentication Method","twoFactor","MEDIUM",""
"twoFactor.settings.enable.methods.email.title","Email Authentication","twoFactor","MEDIUM",""
"twoFactor.settings.enable.methods.email.description","Receive a verification code via email whenever you sign in","twoFactor","MEDIUM",""
"twoFactor.settings.enable.methods.authenticator.title","Authenticator App","twoFactor","MEDIUM",""
"twoFactor.settings.enable.methods.authenticator.description","Use an authenticator app like Google Authenticator or Authy","twoFactor","MEDIUM",""
"twoFactor.settings.email.title","Email Two-Factor Authentication","twoFactor","MEDIUM",""
"twoFactor.settings.email.description","You'll receive a verification code via email when signing in.","twoFactor","MEDIUM",""
"twoFactor.settings.email.howItWorks","How it works:","twoFactor","MEDIUM",""
"twoFactor.settings.email.steps.step1","Sign in with your password","twoFactor","MEDIUM",""
"twoFactor.settings.email.steps.step2","Receive a code via email","twoFactor","MEDIUM",""
"twoFactor.settings.email.steps.step3","Enter the code to complete login","twoFactor","MEDIUM",""
"twoFactor.settings.email.buttons.enable","Enable Email 2FA","twoFactor","MEDIUM",""
"twoFactor.settings.email.buttons.enabling","Enabling...","twoFactor","MEDIUM",""
"twoFactor.settings.email.buttons.disable","Disable 2FA","twoFactor","MEDIUM",""
"twoFactor.settings.email.buttons.disabling","Disabling...","twoFactor","MEDIUM",""
"twoFactor.settings.authenticator.title","Authenticator App Setup","twoFactor","MEDIUM",""
"twoFactor.settings.authenticator.description","Use an authenticator app for more secure verification.","twoFactor","MEDIUM",""
"twoFactor.settings.authenticator.step1.title","Step 1: Install an Authenticator App","twoFactor","MEDIUM",""
"twoFactor.settings.authenticator.step1.description","Download an authenticator app if you don't have one:","twoFactor","MEDIUM",""
"twoFactor.settings.authenticator.step1.apps.googleAuth","Google Authenticator","twoFactor","MEDIUM",""
"twoFactor.settings.authenticator.step1.apps.authy","Authy","twoFactor","MEDIUM",""
"twoFactor.settings.authenticator.step1.apps.msAuth","Microsoft Authenticator","twoFactor","MEDIUM",""
"twoFactor.settings.authenticator.step2.title","Step 2: Scan QR Code","twoFactor","MEDIUM",""
"twoFactor.settings.authenticator.step2.description","Open your authenticator app and scan this QR code:","twoFactor","MEDIUM",""
"twoFactor.settings.authenticator.step2.manualEntry","Can't scan? Enter this code manually:","twoFactor","MEDIUM",""
"twoFactor.settings.authenticator.step2.copy","Copy","twoFactor","MEDIUM",""
"twoFactor.settings.authenticator.step2.copied","Copied!","twoFactor","MEDIUM",""
"twoFactor.settings.authenticator.step3.title","Step 3: Verify Setup","twoFactor","MEDIUM",""
"twoFactor.settings.authenticator.step3.description","Enter the 6-digit code from your authenticator app:","twoFactor","MEDIUM",""
"twoFactor.settings.authenticator.step3.placeholder","Enter 6-digit code","twoFactor","MEDIUM",""
"twoFactor.settings.authenticator.step3.verify","Verify & Enable","twoFactor","MEDIUM",""
"twoFactor.settings.authenticator.step3.verifying","Verifying...","twoFactor","MEDIUM",""
"twoFactor.settings.authenticator.buttons.cancel","Cancel","twoFactor","MEDIUM",""
"twoFactor.settings.authenticator.buttons.disable","Disable Authenticator 2FA","twoFactor","MEDIUM",""
"twoFactor.settings.authenticator.buttons.disabling","Disabling...","twoFactor","MEDIUM",""
"twoFactor.settings.backupCodes.title","Backup Codes","twoFactor","MEDIUM",""
"twoFactor.settings.backupCodes.description","Save these backup codes in a secure place. Each code can only be used once.","twoFactor","MEDIUM",""
"twoFactor.settings.backupCodes.warning","Warning: Only {{count}} backup code(s) remaining. Generate new ones in Settings.","twoFactor","MEDIUM",""
"twoFactor.settings.backupCodes.remaining","{{count}} codes remaining","twoFactor","MEDIUM",""
"twoFactor.settings.backupCodes.buttons.download","Download Codes","twoFactor","MEDIUM",""
"twoFactor.settings.backupCodes.buttons.copy","Copy All Codes","twoFactor","MEDIUM",""
"twoFactor.settings.backupCodes.buttons.copied","Copied to clipboard!","twoFactor","MEDIUM",""
"twoFactor.settings.backupCodes.buttons.regenerate","Regenerate Codes","twoFactor","MEDIUM",""
"twoFactor.settings.backupCodes.buttons.regenerating","Regenerating...","twoFactor","MEDIUM",""
"twoFactor.settings.backupCodes.regenerateWarning.title","Regenerate Backup Codes?","twoFactor","MEDIUM",""
"twoFactor.settings.backupCodes.regenerateWarning.message","This will invalidate all existing backup codes. Make sure you've saved your current codes before proceeding.","twoFactor","MEDIUM",""
"twoFactor.settings.backupCodes.regenerateWarning.confirm","Regenerate","twoFactor","MEDIUM",""
"twoFactor.settings.backupCodes.regenerateWarning.cancel","Cancel","twoFactor","MEDIUM",""
"twoFactor.settings.disable.warning.title","Disable Two-Factor Authentication?","twoFactor","MEDIUM",""
"twoFactor.settings.disable.warning.message","Your account will be less secure without 2FA. Are you sure you want to disable it?","twoFactor","MEDIUM",""
"twoFactor.settings.disable.warning.confirm","Yes, Disable 2FA","twoFactor","MEDIUM",""
"twoFactor.settings.disable.warning.cancel","Cancel","twoFactor","MEDIUM",""
"twoFactor.settings.success.enabled","Two-factor authentication enabled successfully!","twoFactor","MEDIUM",""
"twoFactor.settings.success.disabled","Two-factor authentication disabled","twoFactor","MEDIUM",""
"twoFactor.settings.success.codesRegenerated","Backup codes regenerated successfully","twoFactor","MEDIUM",""
"twoFactor.settings.error.loadFailed","Failed to load 2FA settings","twoFactor","MEDIUM",""
"twoFactor.settings.error.enableFailed","Failed to enable 2FA","twoFactor","MEDIUM",""
"twoFactor.settings.error.disableFailed","Failed to disable 2FA","twoFactor","MEDIUM",""
"twoFactor.settings.error.verifyFailed","Failed to verify code","twoFactor","MEDIUM",""
"twoFactor.settings.error.regenerateFailed","Failed to regenerate backup codes","twoFactor","MEDIUM",""
"notifications.title","Notifications","notifications","MEDIUM",""
"notifications.bellButton","Notifications","notifications","MEDIUM",""
"notifications.markAllRead","Mark all as read","notifications","MEDIUM",""
"notifications.clearAll","Clear all","notifications","MEDIUM",""
"notifications.loading","Loading notifications...","notifications","MEDIUM",""
"notifications.empty","No notifications yet","notifications","MEDIUM",""
"notifications.markedAsRead","Marked as read","notifications","MEDIUM",""
"notifications.markAsReadError","Failed to mark as read","notifications","MEDIUM",""
"notifications.allMarkedAsRead","All notifications marked as read","notifications","MEDIUM",""
"notifications.markAllAsReadError","Failed to mark all as read","notifications","MEDIUM",""
"notifications.allCleared","All notifications cleared","notifications","MEDIUM",""
"notifications.clearAllError","Failed to clear notifications","notifications","MEDIUM",""
"notifications.types.NEW_TRIBUTE","New Tribute","notifications","MEDIUM",""
"notifications.types.NEW_COMMENT","New Comment","notifications","MEDIUM",""
"notifications.types.NEW_PHOTO","New Photo","notifications","MEDIUM",""
"notifications.types.NEW_CANDLE","New Candle","notifications","MEDIUM",""
"notifications.types.NEW_FLOWER","New Flower","notifications","MEDIUM",""
"notifications.types.INVITATION","Invitation","notifications","MEDIUM",""
"notifications.types.MEMORIAL_ANNIVERSARY","Memorial Anniversary","notifications","MEDIUM",""
"notifications.types.BIRTHDAY_ANNIVERSARY","Birthday Anniversary","notifications","MEDIUM",""
"notifications.types.EXPIRING_SOON","Expiring Soon","notifications","MEDIUM",""
"notifications.types.SYSTEM","System Notification","notifications","MEDIUM",""
"collaborators.roles.ADMIN.short","Admin","collaborators","MEDIUM",""
"collaborators.roles.EDITOR.short","Editor","collaborators","MEDIUM",""
"collaborators.roles.CONTRIBUTOR.short","Contributor","collaborators","MEDIUM",""
"collaborators.table.acceptedAt","Accepted","collaborators","MEDIUM",""
"collaborators.dialogs.changeRole.confirm","Confirm Change","collaborators","MEDIUM",""
"collaborators.dialogs.changeRole.success","Role updated successfully","collaborators","MEDIUM",""
"collaborators.dialogs.changeRole.error","Failed to update role","collaborators","MEDIUM",""
"collaborators.dialogs.remove.confirm","Remove","collaborators","MEDIUM",""
"collaborators.dialogs.remove.success","Collaborator removed successfully","collaborators","MEDIUM",""
"collaborators.dialogs.remove.error","Failed to remove collaborator","collaborators","MEDIUM",""
"collaborators.dialogs.resend.success","Invitation resent successfully","collaborators","MEDIUM",""
"collaborators.dialogs.resend.error","Failed to resend invitation","collaborators","MEDIUM",""
"collaborators.validation.emailRequired","Please enter at least one email address","collaborators","MEDIUM",""
"collaborators.validation.invalidEmail","Please enter valid email addresses","collaborators","MEDIUM",""
"collaborators.validation.invalidPhone","Please enter valid phone numbers with country codes","collaborators","MEDIUM",""
"collaborators.email.copyLink","Or copy and paste this link:","collaborators","MEDIUM",""
"collaborators.email.important","Important:","collaborators","MEDIUM",""
"collaborators.email.expiryNote","This invitation will expire on {date}","collaborators","MEDIUM",""
"collaborators.email.accountNote","You'll need to sign in or create a ForeverPages account to accept","collaborators","MEDIUM",""
"collaborators.email.accessNote","After accepting, you'll have immediate access to the memorial page","collaborators","MEDIUM",""
"collaborators.email.ignoreNote","If you didn't expect this invitation, you can safely ignore this email.","collaborators","MEDIUM",""
"collaborators.email.copyright","© {year} ForeverPages. All rights reserved.","collaborators","MEDIUM",""
"collaborators.email.securityNote","This is a secure invitation link. For your security, do not share this email with others.","collaborators","MEDIUM",""
"collaborators.whatsapp.roleEmoji.ADMIN","👑","collaborators","MEDIUM",""
"collaborators.whatsapp.roleEmoji.EDITOR","✏️","collaborators","MEDIUM",""
"collaborators.whatsapp.roleEmoji.CONTRIBUTOR","📝","collaborators","MEDIUM",""
"collaborators.whatsapp.inviteMessage","*{inviterName}* has invited you to collaborate on the memorial page for *{memorialName}*","collaborators","MEDIUM",""
"collaborators.whatsapp.roleTitle","Your Role: {roleEmoji} {role}","collaborators","MEDIUM",""
"collaborators.whatsapp.acceptPrompt","Accept this invitation:","collaborators","MEDIUM",""
"collaborators.whatsapp.expiryNote","⏰ This invitation expires on {date}","collaborators","MEDIUM",""
"collaborators.whatsapp.securityNote","🔒 Please keep this link secure and do not share it.","collaborators","MEDIUM",""
"collaborators.whatsapp.roleEmojis.ADMIN","👑","collaborators","MEDIUM",""
"collaborators.whatsapp.roleEmojis.EDITOR","✏️","collaborators","MEDIUM",""
"collaborators.whatsapp.roleEmojis.CONTRIBUTOR","📝","collaborators","MEDIUM",""
"collaborators.noCollaborators","No collaborators yet","collaborators","MEDIUM",""
"collaborators.noCollaboratorsDescription","Invite team members to help manage this memorial page","collaborators","MEDIUM",""
"livestream.viewer.quality.LOW","240p","livestream","MEDIUM",""
"livestream.viewer.quality.MEDIUM","360p","livestream","MEDIUM",""
"livestream.viewer.quality.SD","480p","livestream","MEDIUM",""
"livestream.viewer.quality.HD","720p","livestream","MEDIUM",""
"livestream.viewer.quality.FULL_HD","1080p","livestream","MEDIUM",""
"livestream.marketplace.filters.premium","Premium","livestream","MEDIUM",""
"livestream.customization.preview.tablet","Tablet","livestream","MEDIUM",""
